﻿thisRow.t,notes,Age_input.started,textinput.started,text.started,keyResp.started,Age_input.stopped,keyResp.keys,keyResp.rt,keyResp.duration,subjResponse,blank.started,text_6.started,text_6.stopped,blank.stopped,Gender_input_3.started,textinput2.started,text_10.started,keyResp3.started,Gender_input_3.stopped,keyResp3.keys,GenderResponse,Edu_input.started,textinput3.started,text_11.started,keyResp4.started,Edu_input.stopped,keyResp4.keys,EduResponse,Intro.started,text_4.started,text_4.stopped,Intro.stopped,Blank.started,text_2.started,text_2.stopped,Blank.stopped,participant,session,date,expName,psychopyVersion,frameRate,expStart,
,,0.002550099976360798,0.00678419996984303,0.00678419996984303,0.00678419996984303,3.3513313001021743,"['return', '2', '3']","[1.1929796000476927, 1.5312534000258893, 2.2365111999679357, 3.341614800039679]","[None, None, None, None]",,,,,,,,,,,,,,,,,,,,,,,,,,,,663416,001,2023-12-24_20h47.11.413,image_project,2023.2.3,144.22210198212207,2023-12-24 20h47.19.055435 +0300,
,,,,,,,,,,23,3.351370400050655,3.3576142999809235,4.357681799912825,4.351041699992493,4.351049799937755,4.357681799912825,4.357681799912825,4.357681799912825,6.386027599917725,None,,,,,,,,,,,,,,,,,663416,001,2023-12-24_20h47.11.413,image_project,2023.2.3,144.22210198212207,2023-12-24 20h47.19.055435 +0300,
,,,,,,,,,,,6.386047600070015,6.392326399916783,7.392696300055832,7.385987699963152,,,,,,,m,7.38599619991146,7.392696300055832,7.392696300055832,7.392696300055832,14.719807900022715,None,,,,,,,,,,663416,001,2023-12-24_20h47.11.413,image_project,2023.2.3,144.22210198212207,2023-12-24 20h47.19.055435 +0300,
,,,,,,,,,,,14.719831899972633,14.725664699915797,15.726464600069448,15.719112999970093,,,,,,,,,,,,,,u,15.71912209992297,15.726464600069448,16.725815300131217,16.719976499909535,16.71998620009981,16.725815300131217,,17.719136599916965,,,,,,,,
