﻿ImageFile,Gender,Emotion,trials.thisRepN,trials.thisTrialN,trials.thisN,trials.thisIndex,thisRow.t,notes,Welcome_Page.started,text.started,key_resp.started,Welcome_Page.stopped,key_resp.keys,key_resp.rt,key_resp.duration,Intro.started,text_4.started,Intro.stopped,Blank.started,text_2.started,text_2.stopped,Blank.stopped,Image.started,response,correct,key_resp_2.started,image.started,Image.stopped,key_resp_2.keys,key_resp_2.rt,key_resp_2.duration,Blank2.started,text_3.started,text_3.stopped,Blank2.stopped,participant,session,date,expName,psychopyVersion,frameRate,expStart,
,,,,,,,,,0.0025798999704420567,0.00600090017542243,0.00600090017542243,1.4839824000373483,space,1.476928099989891,None,,,,,,,,,,,,,,,,,,,,,059242,001,2023-12-24_15h42.09.386,image_project,2023.2.3,143.72503677883097,2023-12-24 15h42.16.898646 +0300,
images/neutral_woman_13.jpeg,woman,neutral,0,0,0,0,3.5306220001075417,,,,,,,,,1.484000800177455,1.4910600001458079,2.4841899999883026,2.48420050018467,2.4897659001871943,3.5306220001075417,3.483637999976054,3.498300600098446,None,None,3.5306220001075417,3.5306220001075417,4.700774700148031,m,1.1643338000867516,None,4.7012830001767725,4.705140799982473,5.70699580013752,5.698772700037807,059242,001,2023-12-24_15h42.09.386,image_project,2023.2.3,143.72503677883097,2023-12-24 15h42.16.898646 +0300,
images/neutral_man_14.jpeg,man,neutral,0,1,1,1,5.70699580013752,,,,,,,,,,,,,,,,5.698973900172859,m,True,5.70699580013752,5.70699580013752,6.096453699981794,f,0.38731479994021356,None,6.096665300196037,6.101286000106484,7.102491900091991,7.094523600069806,059242,001,2023-12-24_15h42.09.386,image_project,2023.2.3,143.72503677883097,2023-12-24 15h42.16.898646 +0300,
images/smiling_woman_20.jpeg,woman,smiling,0,2,2,2,7.102491900091991,,,,,,,,,,,,,,,,7.094737300183624,f,True,7.102491900091991,7.102491900091991,7.4157726999837905,m,0.31054320000112057,None,7.415983700193465,7.420473600039259,8.42216489999555,8.413837800035253,059242,001,2023-12-24_15h42.09.386,image_project,2023.2.3,143.72503677883097,2023-12-24 15h42.16.898646 +0300,
,,,,,,,8.42216489999555,,,,,,,,,,,,,,,,8.414035700028762,m,False,8.42216489999555,8.42216489999555,8.707324800081551,f,0.2827133000828326,None,8.707553300075233,8.712228100048378,,,,,,,,,,
