﻿ImageFile,Gender,Emotion,trials.thisRepN,trials.thisTrialN,trials.thisN,trials.thisIndex,thisRow.t,notes,Welcome_Page.started,text.started,key_resp.started,Welcome_Page.stopped,key_resp.keys,key_resp.rt,key_resp.duration,Intro.started,text_4.started,Intro.stopped,Blank.started,text_2.started,text_2.stopped,Blank.stopped,Blank2.started,text_3.started,Blank2.stopped,Image.started,response,correct,image.started,key_resp_2.started,Image.stopped,key_resp_2.keys,key_resp_2.rt,key_resp_2.duration,text_3.stopped,participant,session,date,expName,psychopyVersion,frameRate,expStart,
,,,,,,,,,0.002619100036099553,0.006339800078421831,0.006339800078421831,1.4920308000873774,space,1.4838866998907179,None,,,,,,,,,,,,,,,,,,,,,151772,001,2023-12-24_16h06.03.329,image_project,2023.2.3,143.71822003732873,2023-12-24 16h06.11.378356 +0300,
images/neutral_woman_13.jpeg,woman,neutral,0,0,0,0,3.509319999953732,,,,,,,,,1.4920493001118302,1.4990131999365985,2.4921506999526173,2.4921601999085397,2.497804499929771,3.509319999953732,3.491466399980709,3.506069099996239,3.509319999953732,4.497953299898654,4.497963400091976,None,None,4.528523900080472,4.528523900080472,6.090487499954179,f,1.5561310001648962,None,,151772,001,2023-12-24_16h06.03.329,image_project,2023.2.3,143.71822003732873,2023-12-24 16h06.11.378356 +0300,
images/neutral_man_14.jpeg,man,neutral,0,1,1,1,6.095247199991718,,,,,,,,,,,,,,,,6.091016599908471,6.095247199991718,7.088807299965993,7.088816199917346,f,False,7.0968563999049366,7.0968563999049366,7.763800899963826,m,0.6653984999284148,None,7.0968563999049366,151772,001,2023-12-24_16h06.03.329,image_project,2023.2.3,143.71822003732873,2023-12-24 16h06.11.378356 +0300,
images/smiling_woman_20.jpeg,woman,smiling,0,2,2,2,7.768449699971825,,,,,,,,,,,,,,,,7.7641328000463545,7.768449699971825,8.76245820010081,8.76247170008719,m,False,8.77767529990524,8.77767529990524,9.625335999997333,f,0.8468219998758286,None,8.77767529990524,151772,001,2023-12-24_16h06.03.329,image_project,2023.2.3,143.71822003732873,2023-12-24 16h06.11.378356 +0300,
,,,,,,,9.629969500005245,,,,,,,,,,,,,,,,9.625667599961162,9.629969500005245,10.623035199940205,10.623043300118297,f,True,10.632955600041896,10.632955600041896,,,,,10.632955600041896,,,,,,,,
