﻿ImageFile,Gender,Emotion,trials.thisRepN,trials.thisTrialN,trials.thisN,trials.thisIndex,thisRow.t,notes,Welcome_Page.started,text.started,key_resp.started,Welcome_Page.stopped,key_resp.keys,key_resp.rt,key_resp.duration,Intro.started,text_4.started,text_4.stopped,Intro.stopped,Blank.started,text_2.started,text_2.stopped,Blank.stopped,Blank2.started,text_3.started,Blank2.stopped,Image.started,response,correct,image.started,response.started,Image.stopped,response.keys,response.rt,response.duration,text_3.stopped,participant,session,date,expName,psychopyVersion,frameRate,expStart,
,,,,,,,,,0.0027214998845010996,0.006464699981734157,0.006464699981734157,1.0295021999627352,space,1.020774899981916,None,,,,,,,,,,,,,,,,,,,,,,266205,001,2023-12-24_16h29.07.180,image_project,2023.2.3,144.4967679393069,2023-12-24 16h29.14.723604 +0300,
images/neutral_woman_13.jpeg,woman,neutral,0,0,0,0,3.0463745000306517,,,,,,,,,1.0295208999887109,1.0362851000390947,2.035216099815443,2.029668299946934,2.0296775999013335,2.035216099815443,3.0463745000306517,3.02858389983885,3.0431974998209625,3.0463745000306517,4.03515509981662,4.035165200009942,None,False,4.066017499892041,4.066017499892041,5.613990199984983,f,1.5448140997905284,None,,266205,001,2023-12-24_16h29.07.180,image_project,2023.2.3,144.4967679393069,2023-12-24 16h29.14.723604 +0300,
images/neutral_man_14.jpeg,man,neutral,0,1,1,1,5.618429800029844,,,,,,,,,,,,,,,,,5.614501900039613,5.618429800029844,6.611997999949381,6.612006899900734,None,False,6.620252499822527,6.620252499822527,6.831526499940082,m,0.20982929994352162,None,6.620252499822527,266205,001,2023-12-24_16h29.07.180,image_project,2023.2.3,144.4967679393069,2023-12-24 16h29.14.723604 +0300,
images/smiling_woman_20.jpeg,woman,smiling,0,2,2,2,6.836100399959832,,,,,,,,,,,,,,,,,6.83204280002974,6.836100399959832,7.833718999987468,7.833728699944913,None,False,7.842333399923518,7.842333399923518,8.093371799914166,f,0.250205900054425,None,,266205,001,2023-12-24_16h29.07.180,image_project,2023.2.3,144.4967679393069,2023-12-24 16h29.14.723604 +0300,
,,,,,,,8.097487199818715,,,,,,,,,,,,,,,,,8.09369989996776,8.097487199818715,9.091059499885887,9.091068299952894,None,False,9.1051354999654,9.1051354999654,,,,,9.1051354999654,,,,,,,,
