﻿ImageFile,Gender,Emotion,trials.thisRepN,trials.thisTrialN,trials.thisN,trials.thisIndex,thisRow.t,notes,Welcome_Page.started,text.started,key_resp.started,Welcome_Page.stopped,key_resp.keys,key_resp.rt,key_resp.duration,Intro.started,text_4.started,text_4.stopped,Intro.stopped,Blank.started,text_2.started,text_2.stopped,Blank.stopped,Blank2.started,text_3.started,Blank2.stopped,Image.started,response,correct,image.started,response.started,Image.stopped,response.keys,response.rt,response.duration,text_3.stopped,participant,session,date,expName,psychopyVersion,frameRate,expStart,
,,,,,,,,,0.002576800063252449,0.006117100128903985,0.006117100128903985,1.6179683001246303,space,1.6100106998346746,None,,,,,,,,,,,,,,,,,,,,,,336365,001,2023-12-24_16h33.59.407,image_project,2023.2.3,144.247274342195,2023-12-24 16h34.07.670121 +0300,
images/neutral_woman_13.jpeg,woman,neutral,0,0,0,0,3.6354271001182497,,,,,,,,,1.6179886001627892,1.6246915999799967,2.6237726002000272,2.61821770016104,2.6182268001139164,2.6237726002000272,3.6354271001182497,3.617232199991122,3.6320375001523644,3.6354271001182497,4.623973800102249,4.623983000172302,None,None,4.655063500162214,4.655063500162214,6.105249000014737,f,1.4493655001278967,None,,336365,001,2023-12-24_16h33.59.407,image_project,2023.2.3,144.247274342195,2023-12-24 16h34.07.670121 +0300,
images/neutral_man_14.jpeg,man,neutral,0,1,1,1,6.109732400160283,,,,,,,,,,,,,,,,,6.105755800148472,6.109732400160283,7.103067200165242,7.1030768000055104,None,None,7.11200790014118,7.11200790014118,7.528792500030249,m,0.4136181001085788,None,7.11200790014118,336365,001,2023-12-24_16h33.59.407,image_project,2023.2.3,144.247274342195,2023-12-24 16h34.07.670121 +0300,
images/smiling_woman_20.jpeg,woman,smiling,0,2,2,2,7.533583200071007,,,,,,,,,,,,,,,,,7.529126000124961,7.533583200071007,8.526876599993557,8.526885300176218,None,None,8.535012100124732,8.535012100124732,8.883230900159106,f,0.3436365998350084,None,8.535012100124732,336365,001,2023-12-24_16h33.59.407,image_project,2023.2.3,144.247274342195,2023-12-24 16h34.07.670121 +0300,
,,,,,,,8.887608600081876,,,,,,,,,,,,,,,,,8.88357050018385,8.887608600081876,9.880955000175163,9.880964400013909,None,None,9.889417900005355,9.889417900005355,,,,,9.889417900005355,,,,,,,,
