﻿ImageFile,Gender,Emotion,trials.thisRepN,trials.thisTrialN,trials.thisN,trials.thisIndex,thisRow.t,notes,Welcome_Page.started,text.started,key_resp.started,Welcome_Page.stopped,key_resp.keys,key_resp.rt,key_resp.duration,Intro.started,text_4.started,Intro.stopped,Blank.started,text_2.started,text_2.stopped,Blank.stopped,Blank2.started,text_3.started,Blank2.stopped,Image.started,response,correct,image.started,key_resp_2.started,Image.stopped,key_resp_2.keys,key_resp_2.rt,key_resp_2.duration,text_3.stopped,participant,session,date,expName,psychopyVersion,frameRate,expStart,
,,,,,,,,,0.002767600119113922,0.006263100076466799,0.006263100076466799,1.2837047001812607,space,1.2764772998634726,None,,,,,,,,,,,,,,,,,,,,,341111,001,2023-12-24_16h17.41.144,image_project,2023.2.3,144.12420039653887,2023-12-24 16h17.49.983106 +0300,
images/neutral_woman_13.jpeg,woman,neutral,0,0,0,0,3.301773700164631,,,,,,,,,1.2837220001965761,1.2906835000030696,2.283785300096497,2.2837941001635045,2.289957200177014,3.301773700164631,3.2829827000387013,3.298600200098008,3.301773700164631,4.289846300147474,4.289856899995357,None,None,4.330876500112936,4.330876500112936,5.708422600058839,f,1.3750408999621868,None,,341111,001,2023-12-24_16h17.41.144,image_project,2023.2.3,144.12420039653887,2023-12-24 16h17.49.983106 +0300,
images/neutral_man_14.jpeg,man,neutral,0,1,1,1,5.713581999996677,,,,,,,,,,,,,,,,5.70894470019266,5.713581999996677,6.706979500129819,6.70698820007965,None,None,6.715764600085095,6.715764600085095,6.986532600130886,m,0.2674078999552876,None,6.715764600085095,341111,001,2023-12-24_16h17.41.144,image_project,2023.2.3,144.12420039653887,2023-12-24 16h17.49.983106 +0300,
images/smiling_woman_20.jpeg,woman,smiling,0,2,2,2,6.991229600040242,,,,,,,,,,,,,,,,6.986884200014174,6.991229600040242,7.9845917001366615,7.984600700205192,None,None,8.003812700044364,8.003812700044364,8.368586000055075,f,0.36133509990759194,None,8.003812700044364,341111,001,2023-12-24_16h17.41.144,image_project,2023.2.3,144.12420039653887,2023-12-24 16h17.49.983106 +0300,
,,,,,,,8.37311470019631,,,,,,,,,,,,,,,,8.368927500210702,8.37311470019631,9.366481900215149,9.366490500047803,None,None,9.384823700180277,9.384823700180277,,,,,9.384823700180277,,,,,,,,
