﻿ImageFile,Gender,Emotion,trials.thisRepN,trials.thisTrialN,trials.thisN,trials.thisIndex,thisRow.t,notes,Welcome_Page.started,text.started,key_resp.started,Welcome_Page.stopped,key_resp.keys,key_resp.rt,key_resp.duration,Intro.started,text_4.started,text_4.stopped,Intro.stopped,Blank.started,text_2.started,text_2.stopped,Blank.stopped,Image.started,response,correct,image.started,key_resp_2.started,Image.stopped,key_resp_2.keys,key_resp_2.rt,key_resp_2.duration,Blank2.started,text_3.started,text_3.stopped,Blank2.stopped,participant,session,date,expName,psychopyVersion,frameRate,expStart,
,,,,,,,,,0.002587399911135435,0.00603149994276464,0.00603149994276464,1.419988000066951,space,1.4078752000350505,None,,,,,,,,,,,,,,,,,,,,,,425839,001,2023-12-24_14h54.07.369,image_project,2023.2.3,143.97189690080214,2023-12-24 14h54.15.322868 +0300,
images/angry_male1.jpeg,male,neg,0,0,0,0,3.467473200056702,,,,,,,,,1.4200067999772727,1.4267422000411898,2.4264338000211865,2.420309799956158,2.420319499913603,2.4264338000211865,3.467473200056702,3.4194839999545366,3.4241160000674427,None,None,3.467473200056702,3.467473200056702,5.616448200074956,m,2.1474678001832217,None,5.616903800051659,5.621000899933279,6.632643199991435,6.613872600020841,425839,001,2023-12-24_14h54.07.369,image_project,2023.2.3,143.97189690080214,2023-12-24 14h54.15.322868 +0300,
images/happy_male2.jpeg,male,pos,0,1,1,1,6.632643199991435,,,,,,,,,,,,,,,,,6.614071700023487,m,True,6.632643199991435,6.632643199991435,8.122649200027809,f,1.4841773000080138,None,8.122870000079274,8.127572400029749,9.143240900011733,9.120745199965313,425839,001,2023-12-24_14h54.07.369,image_project,2023.2.3,143.97189690080214,2023-12-24 14h54.15.322868 +0300,
images/angry_male3.jpeg,male,neg,0,2,2,2,9.143240900011733,,,,,,,,,,,,,,,,,9.120947600109503,f,False,9.143240900011733,9.143240900011733,10.261760599911213,f,1.1163417999632657,None,10.261980599956587,10.266419899882749,11.266223799902946,11.25978279998526,425839,001,2023-12-24_14h54.07.369,image_project,2023.2.3,143.97189690080214,2023-12-24 14h54.15.322868 +0300,
