﻿ImageFile,Gender,Emotion,trials.thisRepN,trials.thisTrialN,trials.thisN,trials.thisIndex,thisRow.t,notes,Welcome_Page.started,text.started,key_resp.started,Welcome_Page.stopped,key_resp.keys,key_resp.rt,key_resp.duration,Intro.started,text_4.started,text_4.stopped,Intro.stopped,Blank.started,text_2.started,text_2.stopped,Blank.stopped,Image.started,response,correct,key_resp_2.started,image.started,Image.stopped,key_resp_2.keys,key_resp_2.rt,key_resp_2.duration,Blank2.started,text_3.started,text_3.stopped,Blank2.stopped,participant,session,date,expName,psychopyVersion,frameRate,expStart,
,,,,,,,,,0.002733000088483095,0.006425900151953101,0.006425900151953101,0.9256304001901299,space,0.9142026999033988,None,,,,,,,,,,,,,,,,,,,,,,479921,001,2023-12-24_14h55.22.875,image_project,2023.2.3,144.9960418479926,2023-12-24 14h55.30.790628 +0300,
images/angry_male1.jpeg,male,neg,0,0,0,0,2.972562500042841,,,,,,,,,0.9256570001598448,0.9325463001150638,1.9312022000085562,1.9256311000790447,1.9256419001612812,1.9312022000085562,2.972562500042841,2.9249466999899596,2.9294557000976056,None,None,2.972562500042841,2.972562500042841,3.4476205999962986,f,0.47229139995761216,None,3.4479455000255257,3.4524324000813067,4.46452120016329,4.445754900109023,479921,001,2023-12-24_14h55.22.875,image_project,2023.2.3,144.9960418479926,2023-12-24 14h55.30.790628 +0300,
images/happy_male2.jpeg,male,pos,0,1,1,1,4.46452120016329,,,,,,,,,,,,,,,,,4.44595510000363,f,False,4.46452120016329,4.46452120016329,4.802049700170755,f,0.334228300023824,None,4.802263000048697,4.806545400060713,5.819245300022885,5.799776500090957,479921,001,2023-12-24_14h55.22.875,image_project,2023.2.3,144.9960418479926,2023-12-24 14h55.30.790628 +0300,
images/angry_male3.jpeg,male,neg,0,2,2,2,5.819245300022885,,,,,,,,,,,,,,,,,5.799978000111878,f,False,5.819245300022885,5.819245300022885,6.135168300010264,f,0.30900769983418286,None,6.135384200140834,6.139563700184226,7.139876700006425,7.133317200001329,479921,001,2023-12-24_14h55.22.875,image_project,2023.2.3,144.9960418479926,2023-12-24 14h55.30.790628 +0300,
