﻿trials.thisRepN,trials.thisTrialN,trials.thisN,trials.thisIndex,ImageFile,Gender,Emotion,thisRow.t,notes,Age_input.started,textinput.started,text.started,keyResp.started,Age_input.stopped,keyResp.keys,keyResp.rt,keyResp.duration,subjResponse,blank.started,text_6.started,text_6.stopped,blank.stopped,Gender_input_3.started,textinput2.started,text_10.started,keyResp3.started,Gender_input_3.stopped,keyResp3.keys,GenderResponse,Edu_input.started,textinput3.started,text_11.started,keyResp4.started,Edu_input.stopped,keyResp4.keys,EduResponse,Intro.started,text_4.started,text_4.stopped,Intro.stopped,Blank.started,text_2.started,text_2.stopped,Blank.stopped,Blank2.started,text_3.started,Blank2.stopped,Image.started,participant,session,date,expName,psychopyVersion,frameRate,expStart,
,,,,,,,,,0.0026979001704603434,0.006938300095498562,0.006938300095498562,0.006938300095498562,1.349713500123471,"['2', '1']","[0.6186470000538975, 0.9778398999478668, 1.3381272000260651]","[None, None, None]",,,,,,,,,,,,,,,,,,,,,,,,,,,,,,,,486791,001,2023-12-24_20h48.32.219,image_project,2023.2.3,143.8888260433696,2023-12-24 20h48.42.196918 +0300,
,,,,,,,,,,,,,,,,,21,1.3497509001754224,1.3559137000702322,2.3561090000439435,2.3494418000336736,2.349450900219381,2.3561090000439435,2.3561090000439435,2.3561090000439435,4.412368000019342,None,,,,,,,,,,,,,,,,,,,,,486791,001,2023-12-24_20h48.32.219,image_project,2023.2.3,143.8888260433696,2023-12-24 20h48.42.196918 +0300,
,,,,,,,,,,,,,,,,,,4.412387100048363,4.418519000057131,5.418563200160861,5.411751400213689,,,,,,,m,5.411760400049388,5.418563200160861,5.418563200160861,5.418563200160861,6.703975700074807,None,,,,,,,,,,,,,,486791,001,2023-12-24_20h48.32.219,image_project,2023.2.3,143.8888260433696,2023-12-24 20h48.42.196918 +0300,
,,,,,,,9.723925600061193,,,,,,,,,,,6.70399560010992,6.7101339001674205,7.710732000181451,7.703306900104508,,,,,,,,,,,,,,u,7.703316300176084,7.710732000181451,8.709957100218162,8.70435280003585,8.704362800111994,8.709957100218162,9.723925600061193,9.703576800180599,9.720368500100449,9.723925600061193,10.710118600167334,10.710128800012171,,,,,,,,
