﻿ImageFile,Gender,Emotion,trials.thisRepN,trials.thisTrialN,trials.thisN,trials.thisIndex,thisRow.t,notes,Welcome_Page.started,text.started,key_resp.started,Welcome_Page.stopped,key_resp.keys,key_resp.rt,key_resp.duration,Intro.started,text_4.started,text_4.stopped,Intro.stopped,Blank.started,text_2.started,text_2.stopped,Blank.stopped,Blank2.started,text_3.started,Blank2.stopped,Image.started,response,correct,key_resp_2.started,image.started,Image.stopped,key_resp_2.keys,key_resp_2.rt,key_resp_2.duration,text_3.stopped,participant,session,date,expName,psychopyVersion,frameRate,expStart,
,,,,,,,,,0.002571400022134185,0.006158699980005622,0.006158699980005622,0.8989230999723077,space,0.8887141000013798,None,,,,,,,,,,,,,,,,,,,,,,636113,001,2023-12-24_16h04.23.062,image_project,2023.2.3,143.94619820566464,2023-12-24 16h04.31.437010 +0300,
images/neutral_woman_13.jpeg,woman,neutral,0,0,0,0,2.9169139999430627,,,,,,,,,0.8989418998826295,0.90591109986417,1.904840299859643,1.8993277999106795,1.8993373999837786,1.904840299859643,2.9169139999430627,2.8981997000519186,2.913547199917957,2.9169139999430627,3.904526700032875,3.904535499867052,None,None,3.9356585999485105,3.9356585999485105,5.560068299993873,f,1.6235869999509305,None,,636113,001,2023-12-24_16h04.23.062,image_project,2023.2.3,143.94619820566464,2023-12-24 16h04.31.437010 +0300,
images/neutral_man_14.jpeg,man,neutral,0,1,1,1,5.5643479998689145,,,,,,,,,,,,,,,,,5.5605897000059485,5.5643479998689145,6.5578242999035865,6.557832399848849,f,False,6.566041899845004,6.566041899845004,7.608890699921176,m,1.0363447000272572,None,6.566041899845004,636113,001,2023-12-24_16h04.23.062,image_project,2023.2.3,143.94619820566464,2023-12-24 16h04.31.437010 +0300,
images/smiling_woman_20.jpeg,woman,smiling,0,2,2,2,7.613304700003937,,,,,,,,,,,,,,,,,7.60937359998934,7.613304700003937,8.606405399972573,8.606414099922404,m,False,8.614573400001973,8.614573400001973,9.927842499921098,f,1.3124727001413703,None,8.614573400001973,636113,001,2023-12-24_16h04.23.062,image_project,2023.2.3,143.94619820566464,2023-12-24 16h04.31.437010 +0300,
,,,,,,,9.932383599923924,,,,,,,,,,,,,,,,,9.928181099938229,9.932383599923924,10.925783399958163,10.92579140001908,f,True,10.93482349999249,10.93482349999249,,,,,10.93482349999249,,,,,,,,
