﻿ImageFile,Gender,Emotion,trials.thisRepN,trials.thisTrialN,trials.thisN,trials.thisIndex,thisRow.t,notes,Welcome_Page.started,text.started,key_resp.started,Welcome_Page.stopped,key_resp.keys,key_resp.rt,key_resp.duration,Intro.started,text_4.started,text_4.stopped,Intro.stopped,Blank.started,text_2.started,text_2.stopped,Blank.stopped,Image.started,response,correct,image.started,key_resp_2.started,Image.stopped,key_resp_2.keys,key_resp_2.rt,key_resp_2.duration,Blank2.started,text_3.started,text_3.stopped,Blank2.stopped,participant,session,date,expName,psychopyVersion,frameRate,expStart,
,,,,,,,,,0.0025969999842345715,0.0062704000156372786,0.0062704000156372786,1.508159700082615,space,1.5002818999346346,None,,,,,,,,,,,,,,,,,,,,,,714993,001,2023-12-24_14h33.16.948,image_project,2023.2.3,144.359096157422,2023-12-24 14h33.28.373632 +0300,
images/angry_male1.jpeg,male,neg,0,0,0,0,3.553182699950412,,,,,,,,,1.5081788999959826,1.5148621001280844,2.5138600000645965,2.50864060013555,2.50865270011127,2.5138600000645965,3.553182699950412,3.507321499986574,3.511499800020829,None,None,3.553182699950412,3.553182699950412,4.308213599957526,m,0.7495013000443578,None,4.308550300076604,4.31255320017226,5.324490000028163,5.306212200084701,714993,001,2023-12-24_14h33.16.948,image_project,2023.2.3,144.359096157422,2023-12-24 14h33.28.373632 +0300,
images/happy_male2.jpeg,male,pos,0,1,1,1,5.324490000028163,,,,,,,,,,,,,,,,,5.306414700113237,m,True,5.324490000028163,5.324490000028163,5.606662099948153,f,0.28103609988465905,None,5.606875100173056,5.611381300026551,6.626589500112459,6.605029700091109,714993,001,2023-12-24_14h33.16.948,image_project,2023.2.3,144.359096157422,2023-12-24 14h33.28.373632 +0300,
images/angry_male3.jpeg,male,neg,0,2,2,2,6.626589500112459,,,,,,,,,,,,,,,,,6.6052323000039905,f,False,6.626589500112459,6.626589500112459,6.904876900138333,m,0.27129979990422726,None,6.9050952000543475,6.909963699989021,7.910068799974397,7.903290300164372,714993,001,2023-12-24_14h33.16.948,image_project,2023.2.3,144.359096157422,2023-12-24 14h33.28.373632 +0300,
