﻿trials.thisRepN,trials.thisTrialN,trials.thisN,trials.thisIndex,ImageFile,Gender,Emotion,thisRow.t,notes,Age.started,textinput.started,text2.started,keyResp.started,Age.stopped,keyResp.keys,keyResp.rt,keyResp.duration,subjResponse,Blank.started,text_2.started,text_2.stopped,Blank.stopped,Gender_3.started,textinput2.started,text_6.started,keyResp3.started,Gender_3.stopped,keyResp3.keys,GenderResponse,Education.started,textinput3.started,text_7.started,keyResp4.started,Education.stopped,keyResp4.keys,EduResponse,Intro.started,text_4.started,key_resp_3.started,Intro.stopped,Blank2.started,text_3.started,Blank2.stopped,Image.started,response,correct,image.started,key_resp_2.started,participant,session,date,expName,psychopyVersion,frameRate,expStart,
,,,,,,,,,0.0014848000137135386,0.0047209999756887555,0.0047209999756887555,0.0047209999756887555,2.6061758999712765,"['2', '1']","[1.1159691999782808, 1.395005400001537, 2.5958284999942407]","[None, None, None]",,,,,,,,,,,,,,,,,,,,,,,,,,,,,,,,771599,001,2023-12-24_21h36.58.088,image_project,2023.2.3,143.7010788431441,2023-12-24 21h37.03.622521 +0300,
,,,,,,,,,,,,,,,,,21,2.6062058999668807,2.6126261000172235,3.6125783000024967,3.605826099985279,3.6058331999811344,3.6125783000024967,3.6125783000024967,3.6125783000024967,4.8488393999869,None,,,,,,,,,,,,,,,,,,,,,771599,001,2023-12-24_21h36.58.088,image_project,2023.2.3,143.7010788431441,2023-12-24 21h37.03.622521 +0300,
,,,,,,,,,,,,,,,,,,4.848855999996886,4.855667600000743,,5.849234399967827,,,,,,,f,5.849261099996511,5.85830729996087,5.85830729996087,5.85830729996087,6.925408800016157,None,,,,,,,,,,,,,,771599,001,2023-12-24_21h36.58.088,image_project,2023.2.3,143.7010788431441,2023-12-24 21h37.03.622521 +0300,
,,,,,,,10.847726900014095,,,,,,,,,,,9.786777000001166,9.79352830001153,10.847726900014095,10.786441900010686,,,,,,,,,,,,,,u,7.925463299965486,7.932796599983703,7.932796599983703,9.786766599980183,10.845491799991578,10.847726900014095,10.939121100003831,10.9391292000073,f,True,10.97691709996434,10.97691709996434,,,,,,,,
