﻿ImageFile,Gender,Emotion,trials.thisRepN,trials.thisTrialN,trials.thisN,trials.thisIndex,thisRow.t,notes,Welcome_Page.started,text.started,key_resp.started,Welcome_Page.stopped,key_resp.keys,key_resp.rt,key_resp.duration,Intro.started,text_4.started,Intro.stopped,Blank.started,text_2.started,text_2.stopped,Blank.stopped,Image.started,response,correct,key_resp_2.started,image.started,Image.stopped,key_resp_2.keys,key_resp_2.rt,key_resp_2.duration,Blank2.started,text_3.started,Blank2.stopped,text_3.stopped,participant,session,date,expName,psychopyVersion,frameRate,expStart,
,,,,,,,,,0.0025378998834639788,0.006122699938714504,0.006122699938714504,1.7828673999756575,space,1.7739015000406653,None,,,,,,,,,,,,,,,,,,,,,865990,001,2023-12-24_14h58.29.661,image_project,2023.2.3,144.02684699649308,2023-12-24 14h58.37.759192 +0300,
images/angry_male1.jpeg,male,neg,0,0,0,0,3.8401253998745233,,,,,,,,,1.7828939999453723,1.7896198998205364,2.7829586998559535,2.7829680999275297,2.788646599976346,3.8401253998745233,3.782478299923241,3.7884056998882443,None,None,3.8401253998745233,3.8401253998745233,6.348395599983633,f,2.501036399975419,None,6.3488629998173565,6.35295239998959,7.3510812998283654,,865990,001,2023-12-24_14h58.29.661,image_project,2023.2.3,144.02684699649308,2023-12-24 14h58.37.759192 +0300,
images/happy_male2.jpeg,male,pos,0,1,1,1,7.375838099978864,,,,,,,,,,,,,,,,7.3513055997900665,f,False,7.375838099978864,7.375838099978864,7.9936394998803735,f,0.6117638999130577,None,7.993872399907559,7.997285599820316,8.991133999777958,9.02269299980253,865990,001,2023-12-24_14h58.29.661,image_project,2023.2.3,144.02684699649308,2023-12-24 14h58.37.759192 +0300,
images/angry_male3.jpeg,male,neg,0,2,2,2,9.02269299980253,,,,,,,,,,,,,,,,8.991532899904996,f,False,9.02269299980253,9.02269299980253,11.07756879995577,f,2.0503342000301927,None,11.077802299987525,11.081524099921808,12.080332699930295,,865990,001,2023-12-24_14h58.29.661,image_project,2023.2.3,144.02684699649308,2023-12-24 14h58.37.759192 +0300,
