﻿trials.thisRepN,trials.thisTrialN,trials.thisN,trials.thisIndex,ImageFile,Gender,Emotion,thisRow.t,notes,Age_input.started,textinput.started,text.started,keyResp.started,Age_input.stopped,keyResp.keys,keyResp.rt,keyResp.duration,subjResponse,blank.started,text_6.started,text_6.stopped,blank.stopped,Gender_input_3.started,textinput2.started,text_10.started,keyResp3.started,Gender_input_3.stopped,keyResp3.keys,GenderResponse,Edu_input.started,textinput3.started,text_11.started,keyResp4.started,Edu_input.stopped,keyResp4.keys,EduResponse,Intro.started,text_4.started,Intro.stopped,Blank.started,text_2.started,text_2.stopped,Blank.stopped,Blank2.started,text_3.started,Blank2.stopped,Image.started,participant,session,date,expName,psychopyVersion,frameRate,expStart,
,,,,,,,,,0.0025804999750107527,0.006794400047510862,0.006794400047510862,0.006794400047510862,4.347248099977151,"['2', '4']","[3.410067800199613, 3.851918400032446, 4.337066400097683]","[None, None, None]",,,,,,,,,,,,,,,,,,,,,,,,,,,,,,,996926,001,2023-12-24_20h49.54.294,image_project,2023.2.3,143.36280408804936,2023-12-24 20h50.02.414458 +0300,
,,,,,,,,,,,,,,,,,24,4.347282900009304,4.353720000013709,5.353713300079107,5.346804599976167,5.346813499927521,5.353713300079107,5.353713300079107,5.353713300079107,6.055783800082281,None,,,,,,,,,,,,,,,,,,,,996926,001,2023-12-24_20h49.54.294,image_project,2023.2.3,143.36280408804936,2023-12-24 20h50.02.414458 +0300,
,,,,,,,,,,,,,,,,,,6.055803299881518,6.061927899951115,7.062029199907556,7.055278799962252,,,,,,,m,7.055287499912083,7.062029199907556,7.062029199907556,7.062029199907556,8.40306350006722,None,,,,,,,,,,,,,996926,001,2023-12-24_20h49.54.294,image_project,2023.2.3,143.36280408804936,2023-12-24 20h50.02.414458 +0300,
,,,,,,,11.42077949992381,,,,,,,,,,,8.40308320010081,8.409303900087252,9.41001409990713,9.402753900038078,,,,,,,,,,,,,,u,9.402762500103563,9.41001409990713,10.403308300068602,10.403317800024524,10.409278800012544,11.42077949992381,11.40246000001207,11.417376100085676,11.42077949992381,12.408931199926883,12.408941000001505,,,,,,,,
